method,s,t,parties,ok,leakage,rounds,comm,prep,mults,trials,time,peak_shared
CS19,8,8,3,True,image and kernel,3.0,264.0,336.0,576.0,1.0,0.001316555667168965,1944.0
CEN25,8,8,3,True,rank,5.0,520.0,784.0,1600.0,1.0,0.0021416243337929095,2712.0
CD01,8,8,3,True,none,26.0,27262.0,36158.0,1601.0,1.0,0.33778398532861803,79341.0
CKP07,8,8,3,True,none,18.0,14014.0,18410.0,1601.0,1.0,0.19861323799705133,41352.0
AOBV-B,8,8,3,True,none,23.0,908.0,1355.0,2623.0,1.0,0.0154822766714157,3435.0
BDFC,8,8,3,True,none,11.0,852.0,1225.0,973.0,1.0,0.0032345559987637293,4017.0
CS19,12,12,3,True,image and kernel,3.0,588.0,744.0,1872.0,1.0,0.0017940276666195132,4356.0
CEN25,12,12,3,True,rank,5.0,1164.0,1752.0,5328.0,1.0,0.0035153753336392888,6084.0
CD01,12,12,3,True,none,34.0,133338.0,176970.0,5329.0,1.0,1.546079515336411,391029.0
CKP07,12,12,3,True,none,20.0,56586.0,74257.0,5329.0,1.0,0.7429203046649491,166428.0
AOBV-B,12,12,3,True,none,31.0,2410.0,3593.0,10411.0,1.0,0.05071528033962143,9405.0
BDFC,12,12,3,True,none,15.0,1605.0,2348.0,2843.0,1.0,0.004634707336056938,6093.0
CS19,16,16,3,True,image and kernel,3.0,1040.0,1312.0,4352.0,1.0,0.001509263000722664,7728.0
CEN25,16,16,3,True,rank,5.0,2064.0,3104.0,12544.0,1.0,0.001956292334701478,10800.0
CD01,16,16,3,True,none,42.0,414198.0,550134.0,12545.0,1.0,1.2731072359941513,1220445.0
CKP07,16,16,3,True,none,22.0,157430.0,206768.0,12545.0,1.0,0.8917438340019241,463248.0
AOBV-B,16,16,3,True,none,39.0,4952.0,7383.0,28575.0,1.0,0.10748160667329407,19743.0
BDFC,16,16,3,True,none,19.0,2614.0,3935.0,6361.0,1.0,0.00559309833382334,9273.0
CS19,20,20,3,True,image and kernel,3.0,1620.0,2040.0,8400.0,1.0,0.001941069333042833,12060.0
CEN25,20,20,3,True,rank,5.0,3220.0,4840.0,24400.0,1.0,0.0026197910004460328,16860.0
CD01,20,20,3,True,none,50.0,1000786.0,1329986.0,24401.0,1.0,2.923208710981271,2958117.0
CKP07,20,20,3,True,none,23.0,328786.0,431879.0,24401.0,1.0,1.556327333995796,967380.0
AOBV-B,20,20,3,True,none,47.0,8790.0,13109.0,63579.0,1.0,0.21445379565860395,35601.0
BDFC,20,20,3,True,none,23.0,3911.0,6082.0,12071.0,1.0,0.006958750334888464,13509.0
CS19,24,24,3,True,image and kernel,3.0,2328.0,2928.0,14400.0,1.0,0.002598416333057685,17352.0
CEN25,24,24,3,True,rank,5.0,4632.0,6960.0,42048.0,1.0,0.0034076806665931745,24264.0
CD01,24,24,3,True,none,58.0,2060910.0,2740014.0,42049.0,1.0,7.136137878986119,6105165.0
CKP07,24,24,3,True,none,24.0,606510.0,797039.0,42049.0,1.0,3.2237538780063915,1785240.0
AOBV-B,24,24,3,True,none,55.0,14180.0,21155.0,123423.0,1.0,0.3777828466694094,58131.0
BDFC,24,24,3,True,none,27.0,5528.0,8885.0,20517.0,1.0,0.008561001335692708,18801.0
CS19,32,32,3,True,image and kernel,3.0,4128.0,5184.0,33792.0,1.0,0.0035973053339451626,30816.0
CEN25,32,32,3,True,rank,5.0,8224.0,12352.0,99328.0,1.0,0.005045972666266607,43104.0
CD01,32,32,3,True,none,74.0,6457318.0,8590310.0,99329.0,1.0,27.696791911999753,19184829.0
CKP07,32,32,3,True,none,26.0,1625062.0,2137886.0,99329.0,1.0,11.116741661995547,4789536.0
AOBV-B,32,32,3,True,none,71.0,30640.0,45743.0,357311.0,1.0,0.9762152219876347,127815.0
BDFC,32,32,3,True,none,35.0,9850.0,16843.0,47793.0,1.0,0.013839122669499677,34338.0
CS19,44,44,3,True,image and kernel,3.0,7788.0,9768.0,87120.0,1.0,0.00792693750008766,58212.0
CEN25,44,44,3,True,rank,5.0,15532.0,23320.0,257488.0,1.0,0.013780894999399607,81444.0
AOBV-B,44,44,3,True,none,95.0,73370.0,109625.0,1182763.0,1.0,2.9719456175134837,311181.0
BDFC,44,44,3,True,none,47.0,19533.0,36100.0,122827.0,1.0,0.022349642998960917,69078.0
CS19,48,48,3,True,image and kernel,3.0,9264.0,11616.0,112896.0,1.0,0.009881875999781187,69264.0
CEN25,48,48,3,True,rank,5.0,18480.0,27744.0,334080.0,1.0,0.017922896499840135,96912.0
AOBV-B,48,48,3,True,none,103.0,93448.0,139655.0,1645663.0,1.0,3.8483584255236565,397935.0
BDFC,48,48,3,True,none,51.0,23742.0,44855.0,159113.0,1.0,0.022082039999077097,83346.0
CS19,64,64,3,True,image and kernel,3.0,16448.0,20608.0,266240.0,1.0,0.014125812499514723,123072.0
CEN25,64,64,3,True,rank,5.0,32832.0,49280.0,790528.0,1.0,0.028897312998196867,172224.0
AOBV-B,64,64,3,True,none,135.0,209760.0,313695.0,4946303.0,1.0,7.952322095983618,903831.0
BDFC,64,64,3,True,none,67.0,46338.0,94115.0,375137.0,1.0,0.03460368799369462,153858.0
CS19,72,72,3,True,image and kernel,3.0,20808.0,26064.0,378432.0,1.0,0.018556749501840386,155736.0
CEN25,72,72,3,True,rank,5.0,41544.0,62352.0,1124928.0,1.0,0.03770201999850542,217944.0
AOBV-B,72,72,3,True,none,151.0,293100.0,438443.0,7787711.0,1.0,11.346237376509634,1268235.0
BDFC,72,72,3,True,none,75.0,61540.0,128633.0,533293.0,1.0,0.04182483100339596,197178.0
CS19,96,96,3,True,image and kernel,3.0,36960.0,46272.0,893952.0,1.0,0.03967510350048542,276768.0
CEN25,96,96,3,True,rank,5.0,73824.0,110784.0,2663424.0,1.0,0.0833581664983285,387360.0
AOBV-B,96,96,3,True,none,199.0,668432.0,1000463.0,23761215.0,1.0,31.29581274202701,2917863.0
BDFC,96,96,3,True,none,99.0,125834.0,280955.0,1260561.0,1.0,0.09659149799608713,359394.0
CKP07,44,44,3,True,none,29.0,4971610.0,6551024.0,257489.0,1.0,52.085499710990916,14683020.0
CD01,44,44,3,True,none,98.0,22918330.0,0,0,1.0,113.17,68261685.0
